,precision,recall,f1-score,support
DM2,0.9989594172736732,1.0,0.9994794377928162,960.0
EDA,1.0,1.0,1.0,720.0
HTA,1.0,0.9991071428571429,0.9995533720410897,1120.0
IRA,1.0,1.0,1.0,1200.0
accuracy,0.99975,0.99975,0.99975,0.99975
macro avg,0.9997398543184183,0.9997767857142857,0.9997582024584765,4000.0
weighted avg,0.9997502601456815,0.99975,0.999750009241781,4000.0
