balanced_accuracy,cohen_kappa
0.9997767857142857,0.9996628955920228
